index,product_id,title,price,quantity,customer_id,rating
0,7169806908,Knife Plastic  White,45.21,6,247389045,2.9
1,3843510261,Cafe Royale,41.83,18,764352451,2.2
2,4764590794,Flour  Bran Red,3.25,17,656322986,3.4
3,8350173327,Oil  Cooking Spray,29.1,19,611980927,4.7
4,1814054677,Apricots  Halves,32.64,22,939300456,2.6
5,2613228423,Beef  Inside Round,47.75,17,131364746,2.9
6,6853386582,,40.57,17,961470172,4.9
7,2487775378,Soup Campbells Turkey Veg.,32.79,8,483543676,3.9
8,6225730729,Potatoes  Mini Red,11.09,19,452386124,2.2
9,297689851,Bread Crumbs  Japanese Style,16.48,9,504477426,2.5
10,2243269732,Corn  Cream Canned,23.01,6,992209336,1.5
11,8667653624,Ginger  Fresh,20.01,25,972509082,4.9
12,7563244263,Peas Snow,21.22,6,185176037,3.5
13,306328941,Plums  Red,4.89,5,449831024,4.3
14,403735521,Table Cloth  53x69 Colour,4.22,24,959885231,2.5
15,6424736557,Beef  Tenderloin Tails,14.4,4,982019505,4.8
16,683015133,Oil  Peanut,4.1,24,923301344,2.7
17,6134868175,Chutney Sauce,14.15,3,75381706,3.2
18,7740281875,Rum  Cream Amarula,16.24,17,367609913,3.6
19,2868645097,Nougat  Paste / Cream,45.52,19,133518188,4.6
20,8152474967,Apple  Custard,17.07,4,461303576,3.5
21,7584701884,Pastry  Choclate Baked,46.08,8,148930170,4.5
22,3849463613,Soup  Campbells Beef Strogonoff,45.43,8,729776835,4.5
23,7489267110,Brandy Apricot,10.72,14,755301337,2.5
24,6462013303,Sobe  Tropical Energy,37.31,16,452582816,3
25,1946001465,Napkin White  Starched,38.45,17,2709082,3.4
26,1585031968,Dawn Professionl Pot And Pan,18.51,5,673991325,4.5
27,5420335042,Salt  Seasoned,49.73,2,682042793,1.9
28,8312011897,Wine  Niagara Peninsula Vqa,43.68,19,358697500,3.2
29,7450068109,Wine  Red Pinot Noir Chateau,34.23,22,57691595,1.6
30,2499905387,Foil Wrap,29.34,5,44354440,2.6
31,4384066392,Crush  Grape 355 Ml,14.9,12,243535255,3.4
32,1625602049,Mushroom  King Eryingii,28.66,21,76913478,1.9
33,1930046057,Lettuce  Romaine Heart,33.73,4,70805891,3.7
34,5287754760,Flour  Pastry,23.91,8,445269574,1.3
35,9411752691,Yoplait  Strawbrasp Peac,2.1,18,362078018,2.4
36,8303478516,Coffee  10oz Cup 92961,34.03,1,734131506,1.1
37,8326299170,,28.63,25,528078692,3.4
38,6301049950,Table Cloth 54x54 Colour,27.36,12,3353922,2.2
39,7085707488,Spoon  Soup Plastic,1.69,9,488716558,2
40,9678373319,Doilies  10 Paper,46.64,7,747298404,2.2
41,6062054509,Towel Multifold,17.1,17,797381928,4.3
42,1644440024,Brocolinni  Gaylan Chinese,37.97,15,81341214,4.4
43,1096994704,Wine  Fat Bastard Merlot,41.66,23,842445248,3.8
44,8862900678,Sauce  Salsa,1,12,822910553,3.2
45,1997468654,Orange Roughy 4/6 Oz,41.62,21,343523624,2.4
46,1952470013,Mince Meat  Filling,25.14,7,21677060,1.9
47,5075962637,Potatoes  Mini Red,21.21,19,204996112,4.9
48,7926102342,Appetizer  Southwestern,7.03,4,974614183,3.2
49,8576483181,Beef  Striploin Aa,44.88,23,847311204,2.5
50,6012044712,Foil Cont Round,23.46,16,959086200,1.6
51,5118311993,Cheese  Cottage Cheese,29.99,20,799815619,4.2
52,5112073233,Sprouts  Alfalfa,43.99,13,503921340,3.5
53,7576864397,Longos  Chicken Curried,15.32,19,631102335,3.5
54,5420097753,Cheese  Taleggio D.o.p.,45.76,8,660137962,4.4
55,7954371026,Soup  French Can Pea,17.69,23,230267268,3.1
56,4472233614,Lobster  Base,25.85,14,497092567,3.7
57,3696638811,Wine  Pinot Noir Latour,40.92,22,387134056,4.8
58,468665307,Amarula Cream,46.47,3,14340407,2.2
59,4219656340,Appetizer  Mini Egg Roll Shrimp,39.61,8,195111681,5
60,2920192949,Beans  Butter Lrg Lima,10.09,23,576331114,4.3
61,3673575120,Pasta  Tortellini Fresh,4.2,7,498289475,3.4
62,1535691069,Cheese  Gorgonzola,6.5,7,630360097,4.4
63,7590646474,Chicken  Diced Cooked,7.3,9,921851442,3.5
64,1092581170,Table Cloth 54x72 White,38.31,12,82310421,4.5
65,796061661,Pear  Packum,24.4,9,612514631,5
66,9868948851,Wine  Clavet Saint Emilion,1.47,18,236271928,1.2
67,2998609449,Sour Puss Raspberry,37.12,22,923123947,2.5
68,71918779,Beans  Kidney Red Dry,18.53,25,583714152,3.3
69,4862415628,Doilies  12 Paper,15.16,10,572160163,1.1
70,9348965581,,41.6,5,70548693,3.7
71,3241634752,Banana  Green,21.47,15,336750234,3.6
72,1146982356,Wine  Chateauneuf Du Pape,4.24,21,994555273,4.8
73,5381075170,Wine  Two Oceans Sauvignon,11.8,2,740527945,1.8
74,3698910926,Asparagus  White Canned,34.7,14,929275087,2.2
75,2357350687,Green Scrubbie Pad H.duty,45.68,21,505734349,1.6
76,3737180040,Ice Cream Bar  Oreo Cone,36.37,17,633000494,1.9
77,3759367879,Mushroom  Chanterelle Dry,44.79,22,814546736,3.5
78,5469144682,Doilies  8 Paper,16.9,3,319309583,3.7
79,7674389278,Beef  Prime Rib Aaa,39.24,11,586534529,3.2
80,5568719217,Beef  Tongue Fresh,23.93,24,268598928,4
81,2310463957,Cookie Dough  Double,44.02,14,974407718,2.1
82,5011304434,Pie Shells 10,5.78,12,805023142,4.3
83,1848975090,Longos  Chicken Cordon Bleu,20.3,15,95235579,4.1
84,7391952842,Potatoes  Idaho 80 Count,49.09,21,755030382,4.7
85,7711797281,Foil Cont Round,8.85,18,236921705,2.2
86,2331448841,Pepper  Jalapeno,14.26,20,366203031,4.8
87,3814074149,Puree  Blackcurrant,3.69,16,361549412,2.2
88,3607493758,Cheese  Brie Cups 125g,5.54,15,33073732,4.2
89,2745652990,Leeks  Large,17.38,4,692003456,3.3
90,7908982344,Muffin Batt  Carrot Spice,36.09,13,576382454,1.2
91,346956471,Broom  Angled,49.38,6,975930807,2.5
92,9668778847,Parsnip,40.65,6,9899589,2.3
93,2615859722,Jam  Strawberry 20 Ml Jar,25.71,20,912367570,1.5
94,3481980302,White Baguette,48.89,1,359629865,1
95,4691328076,Turnip  Wax,35.5,10,779053160,2.9
96,544538013,Wine  White Pinot Grigio,23.62,14,592933221,3.1
97,3859744437,Wine  Saint Emilion Calvet,1.37,11,161640285,1.5
98,9285281818,Bread Cranberry Foccacia,6.91,5,84934688,3.7
99,1223494942,Wine  Ruffino Chianti,36.19,1,689554677,2.9
100,5476337210,Wine  Bouchard La Vignee Pinot,10.05,23,515201424,4.2
101,1414953763,Pail With Metal Handle 16l White,47.45,3,548970286,2.9
102,9611885067,Bread  Roll Italian,43.95,17,856420314,2.2
103,8865717270,Salmon Steak  Cohoe 8 Oz,32.97,17,387101751,4.9
104,1518316204,Cheese  Swiss Sliced,23.49,5,518218775,3.8
105,1991671598,Chocolate  Mi  Amere Semi,46.11,22,829165177,4.5
106,765016133,Steamers White,18.4,25,402684011,1.5
107,1435157052,Pastry  Choclate Baked,48.56,3,331410364,2.8
108,7187674929,Island Oasis  Cappucino Mix,28.97,6,699987998,3
109,4950205323,Yoghurt Tubes,39.97,15,751656894,4.4
110,132609592,Bread  Flat Bread,45.37,24,246029284,4.5
111,2456217438,Pepper  Pablano,2.23,23,148019122,3
112,1126526843,Oil  Avocado,32.96,20,860161842,2.1
113,3621062912,Pork  Loin Center Cut,29.51,21,126861183,1.6
114,7227533786,Bread  Pita,25.03,19,276566265,3.4
115,5276480389,Wine  Rhine Riesling Wolf Blass,2.7,6,936337640,2.4
116,9023740793,Bag Stand,37.32,12,382627044,1.6
117,1889706701,Beans  Fine,23.05,20,921869746,1.2
118,775567329,Mcgillicuddy Vanilla Schnap,40.99,25,250619998,1.2
119,9269468984,Wine  Fino Tio Pepe Gonzalez,14.41,9,885992968,3.3
120,6710773698,Arizona  Green Tea,23.56,10,61282984,2
121,2195906952,Dried Cherries,9.16,3,733957614,2.8
122,8356715482,Shrimp  21/25 Peel And Deviened,39.35,3,49989326,3.2
123,9802531162,Mushroom  Chanterelle Dry,32.7,24,370176618,1.8
124,8782592071,Remy Red Berry Infusion,21.49,17,79045923,1.1
125,2994501465,Garlic  Elephant,11,24,875450584,4.2
126,5968389540,Energy Drink Bawls,24.63,18,25473,2.9
127,7760058152,Milk  Chocolate 250 Ml,34.42,12,791287573,1.7
128,586498737,Remy Red,14.43,6,381263661,4.1
129,3103247702,Juice  Grapefruit 341 Ml,29.33,25,940662066,2.1
130,365327522,Ice Cream  Super Sandwich,26.32,2,265287728,2.6
131,165825405,Country Roll,25.02,6,993415152,1.5
132,3178047751,Pork  Belly Fresh,35.08,2,932140798,5
133,7291725550,Everfresh Products,32.88,3,320178448,3.4
134,1800725345,Bread  Frozen Basket Variety,16.81,5,730611572,1.8
135,5870356229,Chambord Royal,34.73,12,674446160,2.7
136,150370164,Wine  Red Pinot Noir Chateau,14.27,5,902339863,4.2
137,2047699061,Rum  Spiced Captain Morgan,49.2,3,262622139,2.6
138,278674720,,43.43,15,414402913,2.9
139,3400298123,Liners  Baking Cups,12.58,19,791419476,3.5
140,2279646625,Island Oasis  Banana Daiquiri,5.83,15,725594766,1.1
141,3853114393,Cherries  Fresh,48.85,11,284024456,2
142,6233389836,Bread Base  Gold Formel,46.8,7,148038930,2.4
143,4527327348,Soup  Campbells Minestrone,45.94,10,496494016,2.9
144,2900761646,Mix  Cappucino Cocktail,45.27,22,967161043,4.6
145,2670838669,Wine  Magnotta White,26.06,20,434984137,1.4
146,8346452071,The Pop Shoppe  Grape,4.03,21,895590814,4.9
147,9207929279,Raspberries  Frozen,7.85,25,790904932,4.5
148,2684036446,Bar Energy Chocchip,19.01,11,487427468,3
149,2818243858,Pears  Bartlett,5.81,25,6285984,4.6
150,4337066144,Steam Pan  Half Size Deep,46.22,17,708390061,2
151,2187945227,Grenadine,27.79,3,339599519,3.4
152,4493652381,Lentils  Red Dry,42.49,25,341042055,3.1
153,23335076,Muffin  Carrot Individual Wrap,28.66,14,897093867,2.9
154,3068671620,Sesame Seed,24.29,16,810702470,2.6
155,2210113407,Hold Up Tool Storage Rack,40.39,14,718581201,2.3
156,5975356547,Basil  Primerba Paste,23.56,17,977582733,1.9
157,7077675912,Tomato  Tricolor Cherry,44.57,20,776998378,1.9
158,1218836873,Table Cloth 81x81 Colour,5.46,24,173628347,3.7
159,9794853909,Grenadillo,3.85,19,394489595,4.3
160,9705793220,Sugar  Crumb,4.5,22,29460570,2.8
161,572227140,Soup  Knorr French Onion,32.51,17,114938625,1.9
162,1661023460,Chicken  Whole Roasting,36.5,10,404115497,4.4
163,3838111842,Bar  Granola Trail Mix Fruit Nut,16.11,8,922453641,1.4
164,5084744353,Heavy Duty Dust Pan,45.97,23,192031575,1.7
165,2686995106,Flour Pastry Super Fine,5.46,13,408670054,2.1
166,8302006009,Graham Cracker Mix,34.45,23,785457312,3.8
167,8004752683,Crab  Back Fin Meat Canned,3.72,7,671170170,1.1
168,7542427490,Cookie Dough  Double,42.3,1,894373740,4.1
169,2958705463,Wine  Red Metus Rose,39.19,14,407866721,3.7
170,165541857,Chocolate  Mi  Amere Semi,38.35,14,744138177,3.1
171,655679510,Longos  Penne With Pesto,32.79,19,233734544,3.3
172,378820613,Trout  Rainbow Fresh,29.81,23,964610485,4.7
173,8480351039,Gatorade  Lemon Lime,2.47,1,787155558,1.5
174,8075804325,Artichoke  Fresh,44.54,17,501879136,2.8
175,623025787,Yogurt  Assorted Pack,34.31,15,230530642,4.9
176,6765309772,Orange Roughy 4/6 Oz,27.9,15,127679235,3.7
177,7970677088,Wine  Charddonnay Errazuriz,26.94,13,116950224,1.9
178,8790289757,Oil  Olive Bertolli,19.09,19,740089217,3.8
179,7320836599,Melon  Watermelon Yellow,31.05,15,464777620,3
180,8914570215,,47.35,25,934141499,1.7
181,2050007612,Mussels  Frozen,14.72,23,942040064,3.6
182,5021315501,Water  Perrier,22.7,12,278372109,3.1
183,5299871368,Chocolate  Liqueur Cups With Foil,29.41,10,325359639,4.9
184,1507064845,Cheese  St. Paulin,34.22,6,535998404,1.1
185,7292978134,Asparagus  White Fresh,5.13,13,445614615,3.7
186,1589680790,Juice  Orange 1.89l,35.68,4,299546283,4
187,6089411663,Mushroom Morel Fresh,16.41,1,507160485,2.1
188,5726013778,Anchovy In Oil,32.99,8,420213696,2.9
189,5158367833,Scallop  St. Jaques,27.5,2,739426223,1.8
190,546201946,Flour  Strong,20.94,21,854331176,1.5
191,2319346724,Buffalo  Short Rib Fresh,12.12,17,405171583,4.2
192,2573656896,Plasticforkblack,14.91,11,764412134,3.6
193,1758205547,Dill Weed  Dry,38.83,5,254979669,1.7
194,1156568080,Orange  Tangerine,41.96,2,387446852,2.9
195,2689879026,Salad Dressing,35.38,12,742526090,4
196,4673758382,Nori Sea Weed,17.63,11,720394055,1.7
197,1869664329,Guinea Fowl,41,6,726972302,4.9
198,2808116748,Carbonated Water  Blackcherry,18.35,5,312939808,1.4
199,4436170411,Tabasco Sauce 2 Oz,49.33,7,753349094,1
200,5978943230,Towel Multifold,33.17,16,156900857,3
201,244399824,Capicola  Hot,38.85,7,236224196,4.2
202,3566277231,Lettuce  Boston Bib,25.23,23,154479149,4.4
203,5226384211,Pail  4l White With Handle,20.26,9,366530691,3.7
204,3286713252,Wine  Peller Estates Late,28.83,19,7897058,4.3
205,2291490133,Chicken  Wieners,49.23,3,999533259,4.1
206,9250577427,Tandoori Curry Paste,26.46,16,472981573,3.7
207,7254442869,Tea  Jasmin Green,32.17,25,472841414,3
208,3259607048,Wine  Red Black Opal Shiraz,12.24,16,142271818,3.3
209,9387583767,Bread  Crumbs Bulk,46.59,21,788029263,4.9
210,9278536210,Bar Bran Honey Nut,26.17,12,529528296,1.6
211,5134097402,Bagelers  Cinn / Brown,2.85,17,304246647,4.2
212,407919384,Pastry  Chocolate Chip Muffin,12.26,7,518772794,3.4
213,4420203293,Pur Value,24.61,3,933333998,3.5
214,317168118,Cookies Cereal Nut,25.95,21,256022064,1.3
215,9204136618,Mushroom  Shitake Fresh,47.32,16,717099547,4.2
216,5835741227,Wine  Sauvignon Blanc,13.04,19,736951773,3.3
217,6517345949,Chevere Logs,23.95,4,325055994,3.1
218,2683641540,Beef  Sushi Flat Iron Steak,37.31,2,924829252,2.7
219,6063594949,Bread Ww Cluster,19.74,1,193796441,1.8
220,7340860363,Lobster  Live,33.15,24,490990383,4
221,4300934312,Soup  Campbells Beef Barley,22.22,22,665452543,4.7
222,9020813714,Pear  Prickly,18.33,6,660264088,3.9
223,4146294479,Wine  Red Colio Cabernet,26.33,11,619680671,1.6
224,8561146451,Pears  Fiorelle,11.25,22,690349341,4.1
225,438119916,Tumeric,29.74,2,421507183,3
226,5568089035,Flower  Commercial Bronze,9.78,15,313144066,3.8
227,8293509872,Pasta  Linguini Dry,19.41,7,882841328,4.6
228,7256711301,Oil  Macadamia,6.23,3,381636158,4.2
229,1757529624,Crush  Cream Soda,4.99,13,69791821,2.9
230,5818981665,Bread  Crumbs Bulk,13.8,2,366773915,4.7
231,76788679,Table Cloth 81x81 Colour,25.25,13,267861575,2.2
232,4848824982,Pail With Metal Handle 16l White,21.41,7,750282178,3.2
233,500872740,Bread Base  Gold Formel,33.3,16,46734273,2.1
234,4856324853,Wine  Wyndham Estate Bin 777,23.5,10,353675552,4.8
235,2465674919,Flour  Fast / Rapid,49.69,23,89639197,4
236,9096764870,Artichokes  Knobless White,31.8,17,653266749,3.4
237,5149465119,Dr. Pepper  355ml,10.48,24,903215578,2.9
238,8695153797,Glove  Cutting,35.74,13,829200213,4.9
239,4440573037,Pastry  Apple Large,4.85,16,496178386,4.9
240,2049380712,Wine  Magnotta  Bel Paese White,45.1,21,268362867,4
241,2128838355,Crab  Claws Snow 16  24,42.86,9,749947482,4.1
242,5785772507,Beef  Prime Rib Aaa,8.16,9,131597138,1.1
243,4967667597,Cup  8oz Coffee Perforated,7.76,15,465543607,1.2
244,3136426851,Vol Au Vents,17.88,25,272860944,2.7
245,7446219610,Wine  Gewurztraminer Pierre,45.8,16,384464592,2.3
246,8813417098,Chickhen  Chicken Phyllo,37.07,10,606396222,4.8
247,9036130883,Bread  Raisin,21.76,11,646907023,4.5
248,5323445513,Chocolate  Liqueur Cups With Foil,4.67,22,470020381,3.5
249,2825961973,Pectin,16.07,2,296233371,2.4
250,5684296084,Beef  Bones Cut  Up,26.51,6,928440120,3.2
251,7332715627,Grapes  Black,22.26,22,71816292,2.9
252,9099703708,Fireball Whisky,34.28,8,26072017,3.4
253,4354113260,,13.85,14,844190656,4
254,7025373052,Teriyaki Sauce,40.75,2,579159962,2.1
255,8996995681,Wine  Shiraz Wolf Blass Premium,5.51,21,159916365,4.1
256,2228785717,Nestea  Iced Tea,5.03,19,234712597,3.9
257,1069667099,Salmon Steak  Cohoe 6 Oz,25.96,14,960486233,1.1
258,6932581639,Wine  Red Colio Cabernet,14.91,17,822947695,2.7
259,9548818302,Juice  Lime,42.9,11,524267845,4.2
260,2491764784,Wine  Chenin Blanc K.w.v.,1.16,11,39250408,2.6
261,8002368770,Icecream Cone  Areo Chocolate,29.26,16,983964957,1.8
262,1719238081,Salmon Atl.whole 8  10 Lb,10.24,15,281537930,2.1
263,4426523702,Ice Cream Bar  Hageen Daz To,12.6,19,106560906,4.9
264,2213665443,Apples  Sliced / Wedge,27.52,2,321892,4.8
265,892160861,Tumeric,12.92,4,424685443,1
266,9421646207,Orange Roughy 6/8 Oz,31.93,13,36602281,4.1
267,8106030318,Juice  Cranberry 341 Ml,46.83,8,951651241,4.2
268,8976343999,Snapple  Mango Maddness,40.94,19,524710556,3.1
269,2895738424,Squash  Pattypan Yellow,41.86,22,624734423,1.3
270,158063074,Soup  Campbells Chicken,4.16,21,470970316,2.1
271,7867026681,Pepper  Green Thai,25.21,6,510218083,4.9
272,8655200786,Crackers  Trio,45.22,3,811420622,4.3
273,7630148615,Grapefruit  Pink,46.67,2,648643378,1.7
274,8183047297,Pork  Bacon Double Smoked,14.43,16,239734351,4
275,9032224549,Crackers  Trio,15.63,14,936424745,1
276,8301418281,Lettuce  Mini Greens Whole,35.08,11,168871744,1.4
277,9254417270,Spoon  Soup Plastic,8.65,3,753936314,1.6
278,18002269,Roe  Flying Fish,40.6,9,571391238,2
279,7569751981,Ice Cream  Chocolate,21.72,16,838303963,3.7
280,3979562387,Wine  White Pelee Island,39.27,15,528711636,2.8
281,9033100754,,39.64,17,707729589,1.6
282,822052954,Vinegar  White Wine,36.04,2,854986914,1.2
283,716911671,Sauce  Fish 25 Ozf Bottle,3.2,9,645343743,3.1
284,4239680239,Glycerine,36.69,1,152391454,1.1
285,7274672711,Fish  Halibut Cold Smoked,21.09,13,853135243,1.6
286,5360282029,Nutmeg  Ground,21.55,5,329144652,4.9
287,4291070012,Wine  Red Pinot Noir Chateau,23.85,11,267377645,2.3
288,2806852099,Turkey  Whole Fresh,28.98,16,787237010,3.1
289,7563341943,Cake  Night And Day Choclate,13.89,16,835480889,1.5
290,1109608810,Wine  Red Lurton Merlot De,14.52,2,265621712,3.9
291,1941325246,Seedlings  Clamshell,30.52,21,611562589,2.5
292,3175815170,Lamb  Leg Boneless,38.56,16,270840339,1.2
293,2575485746,Beef Flat Iron Steak,20.63,5,211911116,3.8
294,8641681477,Sauce  Oyster,5.1,4,900285472,1.6
295,5422238176,Lettuce  Belgian Endive,40.86,5,188380336,3.5
296,2003751165,Trout Rainbow Whole,35.21,1,77783221,1.4
297,2395028304,Ostrich  Prime Cut,32.83,21,802121768,1.4
298,3222091803,Yogurt  Raspberry 175 Gr,19.58,17,855406287,3.6
299,5907796219,Soup  French Onion,42.03,14,972826449,2.9
300,9714364744,Salad Dressing,6.05,12,388814951,4.9
301,689222408,Milk  Homo,10.2,14,68867170,3.3
302,6444010500,Fireball Whisky,41.26,23,385005843,1.3
303,7236326089,Cabbage Roll,41.19,23,262271008,1.6
304,1356206980,Tea  Grapefruit Green Tea,3.17,12,852468163,4.2
305,3602539717,Coffee  Ristretto Coffee Capsule,9.22,9,175449438,4.8
306,3753064173,Wine  Gewurztraminer Pierre,19.51,1,362550191,4.8
307,3542128023,Evaporated Milk  Skim,24.84,20,154052289,1.1
308,374881286,Chicken  Base,7.2,21,664298809,1.5
309,8048431351,Pomegranates,46.06,20,201885910,4.4
310,5941416830,Tart  Lemon,16.38,22,587830119,4.2
311,6427366106,Tart  Lemon,34.15,7,129458801,1.8
312,9471728096,Sultanas,31.19,4,547883803,3.9
313,1165307065,Wine  Chianti Classico Riserva,11.6,7,363277838,1.4
314,6023366996,Island Oasis  Mango Daiquiri,44.51,12,878375895,2.9
315,670505927,Lighter  Bbq,46.95,15,584850404,1.1
316,1702096483,Chevere Logs,14,4,197367430,4.4
317,479424357,Cookie Chocolate Chip With,10.39,2,634442965,4.7
318,217352359,Longos  Chicken Caeser Salad,47.79,16,454574020,1.2
319,1928001939,Pork  Ham Virginia,16.96,14,320745078,4.6
320,5569803580,,23.48,25,169231870,1.6
321,3734381517,Beef  Chuck Boneless,36.91,4,329157682,4.3
322,1055220364,Lobster  Live,42.84,9,197845696,1.2
323,7191496126,Wine  Pinot Grigio Collavini,13.34,24,927244414,2.3
324,9049652875,Smoked Paprika,23.68,16,957218694,3.1
325,103433570,Dip  Tapenade,20.05,2,167945981,4
326,2616901153,Lamb  Sausage Casings,26.54,18,155729935,3.6
327,7272380403,Shrimp  16/20 Iqf Shell On,40.19,21,140888850,2.4
328,4258652695,Wine  Conde De Valdemar,39.42,23,359453969,3.6
329,4603392265,Bread  Roll Canadian Dinner,35.14,9,54638442,1.9
330,3436212717,Berry Brulee,30.3,4,928332554,1.7
331,1910626104,Turkey  Whole Fresh,30.25,5,973945897,1
332,8140303526,Cinnamon  Stick,16.16,9,876610261,2.7
333,8524270128,Beef  Texas Style Burger,7.43,5,969422805,1.5
334,9881142296,Beans  Fine,31.6,3,646051123,1.1
335,6496883092,Flour  Buckwheat Dark,48.56,2,522519054,4
336,4775361457,Chinese Foods  Pepper Beef,2.79,10,440853684,3.8
337,1409212416,Cheese  Cheddar Medium,27.06,4,701345702,2.1
338,2780959010,Cheese Cheddar Processed,30.07,9,14864763,1.6
339,130220965,Lettuce  Escarole,34.86,19,170742730,1.6
340,8048018926,Beef  Chuck Boneless,38.62,9,193647752,3
341,6498863919,Cheese  Cottage Cheese,10.16,21,587223862,4.5
342,6417129489,Soup  Base Broth Beef,31.29,14,819741943,4.2
343,814587771,Quinoa,7.04,20,546452118,5
344,1335661085,Pepper  Black Ground,47.75,13,719777761,4.5
345,8582140495,,11.6,6,118859967,4.1
346,7580460726,Doilies  7 Paper,6.38,10,121255597,4.7
347,2515207502,Baking Soda,39.15,14,172302989,4.3
348,7980501799,Foil  4oz Custard Cup,46.54,13,477819846,4.8
349,5097808606,Kellogs Raisan Bran Bars,6.92,9,789989325,2.8
350,2503521665,Versatainer Nc  9388,41.36,7,566114220,2.3
351,3701225672,Brandy  Orange Mc Guiness,23.1,1,755189518,1.6
352,9594651954,Lid  0090 Clear,44.83,2,907937000,3.6
353,7785715963,,37.48,19,546669913,4.5
354,2305455291,Mace Ground,46.34,17,2276448,1.3
355,5008810197,Figs,35.19,14,932019600,3.6
356,2433673003,Bread Country Roll,4.46,13,954818769,2.2
357,7361766285,Ecolab  Balanced Fusion,11.2,3,531230763,1.6
358,297463888,Herb Du Provence  Primerba,11.69,24,342794082,3.2
359,9064075530,Beef Wellington,6.1,1,400175622,1.4
360,9786555139,Wine  Barossa Valley Estate,45.34,4,8262222,2.8
361,4331908550,Cheese  Mix,38.31,8,184046307,4.7
362,6475767603,Sobe  Orange Carrot,37.58,14,563392950,2.1
363,4996670819,Pate  Cognac,30.71,11,718870886,2.8
364,565233432,Cheese  Cheddar Mild,27.51,22,428040066,3.3
365,9145574502,Pepper  Scotch Bonnet,31.15,14,140970527,2.6
366,6362848969,Beef  Kobe Striploin,37.87,18,612531422,1.3
367,1479366285,Carrots  Purple Organic,25.13,9,556550824,3.4
368,9903703546,Bread  Focaccia Quarter,48.94,10,235116732,3.7
369,605065195,Green Scrubbie Pad H.duty,14.82,8,353015555,4.9
370,4828534229,Cookie Choc,9.34,20,416920826,4.8
371,3349645275,Extract  Rum,35.98,24,843818970,3.4
372,2060558999,Food Colouring  Orange,35.16,5,160457716,3.4
373,2843931320,Cup  8oz Coffee Perforated,26.82,1,735414058,4.1
374,9360436364,Muffin Mix  Banana Nut,46.25,4,136924960,5
375,6668149952,Beef  Tenderloin  Aa,16.17,13,91173566,2.8
376,325698414,Duck  Whole,15.36,12,357833254,3.8
377,4074363011,Eggplant Oriental,28.5,10,938259803,3.4
378,2050591888,Wine  Remy Pannier Rose,35.4,18,527502781,2.5
379,5209608689,Vodka  Hot Lnferno,26.51,9,511697276,1.1
380,2483325440,Wine  Prosecco Valdobiaddene,17.28,11,341135686,1.6
381,1662889666,Veal  Brisket Provimibnls,38.86,18,648546566,4.5
382,6678523083,Apple  Fuji,22.1,23,55109779,4.2
383,4829321873,Soup Bowl Clear 8oz92008,44.27,17,607329886,5
384,4133004671,Potatoes  Idaho 80 Count,35.75,12,699248759,2.5
385,6508698028,Red Pepper Paste,35.49,21,113604442,1.3
386,3618756933,Pepper  Paprika Hungarian,33.87,13,301108552,2.2
387,1427995931,Wine  Red Colio Cabernet,4.28,24,453412275,1
388,6386520904,Noodles  Steamed Chow Mein,31.09,14,966576763,4.8
389,6773949866,Vanilla Beans,40.64,10,834198609,2.5
390,9425996482,Nut  Pistachio Shelled,31.78,20,856794819,2.3
391,8306087283,Bread  Burger,43.22,3,794059267,2.6
392,6694455372,Cookie Dough  Oatmeal Rasin,21.47,7,253271573,3.6
393,9374807297,Longos  Grilled Salmon With Bbq,49.42,1,856506212,2.6
394,6558777371,Sunflower Seed Raw,38.96,12,59019795,2.2
395,5033201379,Pastry  Trippleberry Muffin  Mini,11.31,3,722842108,3.6
396,7386605978,Steamers White,27.8,19,186016429,3.2
397,9062611133,Venison  Striploin,24.44,24,716874143,1.2
398,5023407675,Creme De Menth  White,22.64,21,707760946,4.9
399,1292459123,Sole  Iqf,28.24,17,854831057,1.4
400,3070748783,Coke  Classic 355 Ml,25.86,12,313418891,1.6
401,131180215,Cheese  Cheddar With Claret,43.86,19,932279051,3.6
402,8859595703,Cucumber  Pickling Ontario,35.67,7,253336548,4.6
403,6181025634,Quail Eggs  Canned,49.65,9,804771985,2.5
404,559892802,Fiddlehead  Frozen,16.5,20,676948077,1.1
405,558478727,Container  Hngd Cll Blk 7x7x3,15.73,15,372860053,2.8
406,8106098249,Cake  French Pear Tart,46.54,13,164469515,3.7
407,8240508944,Wine  Toasted Head,4.58,22,217431915,1.5
408,2511807521,Sauce  Soya Dark,19.12,4,439650073,2.1
409,7663182294,Beef  Tenderloin,13.96,17,850516150,2
410,175950652,Shrimp  Black Tiger 13/15,42.14,10,201355418,4.5
411,4994499837,Nescafe  Frothy French Vanilla,36.85,19,721234461,2
412,6621105258,Shrimp  Baby Cold Water,44.79,9,26916159,2.6
413,1347624538,Burger Veggie,35.32,13,648435056,2.4
414,5941032498,Cheese  Swiss,27.05,15,108240737,4.3
415,8984951102,Paste  Black Olive,35.25,12,65182022,3.8
416,127357890,Nantucket  518ml,25,25,345251614,3.7
417,1228433194,Coffee  Egg Nog Capuccino,8.4,7,763620825,2.1
418,6370413267,Bread Sour Rolls,48.32,1,713131274,4.9
419,3623724440,Beer  Maudite,31.95,4,590114223,1.1
420,3844579494,Cumin  Ground,12.27,8,374376607,3.2
421,1697081371,Orange Roughy 4/6 Oz,29.34,12,650689124,2.7
422,9349682257,,39.54,13,373281556,2.5
423,2676301500,Uniform Linen Charge,43.46,3,536361747,2
424,7004266702,Wine  Tio Pepe Sherry Fino,7.35,24,996528153,5
425,6556060828,Cut Wakame  Hanawakaba,34.95,20,18344045,3.4
426,7831143459,Table Cloth 54x72 Colour,21.9,12,796413275,3.8
427,3270185421,Chilli Paste Ginger Garlic,46.71,5,867146237,4.6
428,5085919513,Pork  Back Ribs,17.67,23,784636515,3
429,4257859571,Milk  1%,7.54,13,971177465,2.5
430,7306093169,Vinegar  Red Wine,30.43,22,370876369,3.2
431,4009162570,Cake  Mini Cheesecake,48.5,9,625062663,1.7
432,8713540556,Veal  Bones,18.43,7,119664358,3.3
433,2347145754,Passion Fruit,3.4,19,521774417,1.8
434,7898031059,V8 Pet,32.21,21,99989650,1.3
435,6741036792,Water Chestnut  Canned,3.18,25,132906702,3.8
436,6931425021,Cranberries  Frozen,33.66,4,502375797,1.5
437,157394794,Eel  Smoked,3.76,16,536118755,2.6
438,1981253939,Lid  101216 Oz,33.01,12,980224951,2.3
439,8558311463,Sauce  Fish 25 Ozf Bottle,33.58,19,121731364,3.5
440,6582002953,Tomatoes  Vine Ripe Red,20.79,20,831608405,3.7
441,1265950229,Tea  Honey Green Tea,22.58,18,898796379,2.8
442,9555338558,Potatoes  Pei 10 Oz,13.84,18,240319297,1.2
443,4244649611,Coffee Cup 16oz Foam,42.81,3,221602012,4
444,3408984018,Compound  Raspberry,45.62,6,725481089,3.6
445,6967183001,Spice  Montreal Steak Spice,37.77,2,697639128,2.4
446,5212216680,,5.59,6,463962070,1.9
447,6466449319,Steampan Lid,41.22,2,259466882,4.7
448,6924095534,Salmon  Whole 4  6 Pounds,33.03,15,372486398,3
449,3194619241,Grapes  Black,17.24,13,365912769,3.3
450,8749423703,Extract Vanilla Pure,30.49,2,572348837,3.2
451,5644339963,Wine  Wyndham Estate Bin 777,37.67,16,516212823,3.3
452,6792098590,Chicken  Whole,34.56,3,84204485,2.3
453,455892040,Water  Perrier,29.96,24,415152834,1.5
454,612096793,Salt And Pepper Mix  White,25.61,3,773649532,1.2
455,4968081324,Bread  Roll Canadian Dinner,1.42,16,568038837,1.9
456,6990853735,Soup  Clam Chowder Dry Mix,44.62,22,965784261,1.4
457,113292775,Flower  Leather Leaf Fern,45.99,16,181328946,4.2
458,8732156626,Wine  Muscadet Sur Lie,9.38,13,940214881,3.8
459,3289604446,Dill Weed  Fresh,6.98,24,192897154,3.7
460,7252614735,Gingerale  Diet  Schweppes,16.7,22,769990634,2.3
461,7982177166,Soy Protein,6.74,19,227468117,1.7
462,6570225464,Glucose,18.77,8,530295317,2.9
463,4374351728,Wine  White Pinot Grigio,10.08,25,480292815,1.3
464,8979557361,Water  Perrier,2.71,21,328786289,3.1
465,8408631470,Scrubbie  Scotchbrite Hand Pad,13.59,13,817109255,1
466,7244793901,Food Colouring  Orange,12.46,17,769364444,3.6
467,496729411,Longos  Lasagna Veg,16.62,14,398549940,3.7
468,3535787254,Olives  Green Pitted,30.24,11,80169137,1.9
469,2712132688,Maple Syrup,48.93,18,294871564,3.7
470,3087923109,Herb Du Provence  Primerba,41.68,1,163032541,1.6
471,9878918580,,8.62,2,348252743,1.4
472,5090950113,Pasta  Penne Lisce Dry,20.87,3,96946459,2.1
473,5415607781,Squash  Guords,25.83,21,808960342,4.2
474,8257358614,Bread  Olive Dinner Roll,2.86,25,737648406,3.9
475,4873475589,Sauce  Gravy Au Jus Mix,31.11,1,348037721,4.5
476,5309063854,Bagel  Everything Presliced,41.39,24,917713012,3.1
477,111456053,Lamb  Sausage Casings,18,14,26542436,3.4
478,4971737251,Tortillas  Flour 12,19.64,2,165690045,4.3
479,858739089,Nestea  Ice Tea Diet,4.53,5,174993317,4.9
480,9755027181,Bread  Raisin,1.53,7,438924478,1.3
481,230901158,Salmon  Fillets,26.29,14,738947877,4.6
482,871202611,Piping Jelly  All Colours,9.89,22,774783159,1.5
483,4754528026,Bagel  Ched Chs Presliced,24.19,21,389260763,1.4
484,6993474948,Salt And Pepper Mix  White,29.49,8,316924641,4.8
485,1493941208,Kiwano,37.1,5,929018806,1.4
486,7525162905,Bread  Rosemary Focaccia,15.32,8,293675680,2.1
487,8910370270,Tarragon  Primerba Paste,43.16,23,766093028,3.8
488,8105109905,Wine  Pinot Noir Pond Haddock,24.53,13,52986524,2.4
489,8563982079,Longos  Chicken Caeser Salad,25.96,3,822395315,4.4
490,5615063211,Trout  Smoked,46.2,12,670595044,2.1
491,7571918707,Lamb  Whole Frozen,21.48,16,949851599,4.9
492,8420021687,Lid  Translucent 3.5 And 6 Oz,36.53,16,47177851,2.8
493,1075725089,Energy Drink  Franks Pineapple,26.62,5,630731301,4.2
494,6034818125,Soup  Base Broth Beef,12.42,19,33951188,3.4
495,8259754487,Bulgar,5.4,16,644442073,3.3
496,3941213709,Nut  Pecan Halves,27.7,10,959580264,2.7
497,9916339805,Bread Roll Foccacia,1.58,12,109470058,1.5
498,9290941812,Bar Energy Chocchip,47.91,1,702452727,2.2
499,4051842568,Cheese  Feta,7.05,10,976730196,2.6
500,4180877678,Onion Powder,13.88,18,802697129,4.4
501,9438234888,Cake  Night And Day Choclate,40.53,20,185268443,4.4
502,730935477,Chocolate  Milk Coating,44.67,8,682113888,1.8
503,8231116354,Ecolab  Ster Bac,47.41,14,301739941,3.3
504,4350313125,Gatorade  Orange,32.27,10,537184058,1.8
505,9471853184,Energy Drink,5.83,12,842388632,1.6
506,4602156428,Orange  Blood,19.01,7,270100865,2
507,1855162490,Tabasco Sauce 2 Oz,8.32,16,822604846,1.9
508,1690022299,Catfish  Fillets,34.91,15,933339657,3.3
509,4101769591,Black Currants,16.58,2,256476753,2.5
510,852560354,Dasheen,24.52,23,787661920,3.2
511,8894048195,Soup  Knorr Country Bean,25.71,20,269497091,1.4
512,2919384449,Lid  3oz Med Rec,49.41,23,563704840,1.1
513,2428109081,Beef  Cow Feet Split,31,20,100855188,1.3
514,3206696151,Tart Shells  Savory 3,22.79,7,787034281,3.7
515,55997279,Chips  Potato Jalapeno,2.96,4,73202993,1.7
516,4466360901,Milk  Chocolate 500ml,32.38,19,979399253,4
517,9771733893,Salt And Pepper Mix  White,26.05,10,488898304,1.2
518,1861414013,Sparkling Wine  Rose Freixenet,4.86,13,555231005,4.1
519,7997380108,Bread  Multigrain,48.16,16,382052087,2.2
520,1570056935,Sage  Rubbed,7.19,8,27144317,3.4
521,6658181942,Pineapple  Golden,8.55,16,694901606,1.8
522,8126216301,Salmon  Canned,9.18,14,306108069,2.6
523,945115490,Juice  Apple 284ml,12.14,8,717368424,4.6
524,2067218786,Bagel  Whole White Sesame,11.07,4,488030641,1.2
525,1016939876,Cornstarch,11.07,19,575800688,2.5
526,6671927235,Caviar  Salmon,23.86,20,883238091,3.9
527,9974664578,Tuna  Loin,44.82,8,669031993,1.9
528,2768571113,Miso Paste White,23.61,20,719617237,1.6
529,4488118984,Longos  Chicken Cordon Bleu,30.28,15,2670706,2.4
530,2386506924,Flour  Whole Wheat,14.02,19,446930664,4.9
531,2004054212,Beans  Fava Canned,41.77,10,516442528,1.8
532,1080619224,Beans  Butter Lrg Lima,11.18,22,242506218,1.7
533,1115843141,Wine  Ruffino Chianti,48.2,3,178060254,1.3
534,7162151957,Cheese Cloth No 100,19.84,8,472353142,3.7
535,6013669538,,46.39,19,452737761,2.5
536,4928815300,Tea  Black Currant,3.82,11,915826795,3.6
537,2873587466,Crab Meat Claw Pasteurise,43.34,6,560281619,3.6
538,4225955125,Aspic  Amber,32.7,19,619607031,2.8
539,9053446117,Wine  Red Pinot Noir Chateau,48.7,16,272945312,4.4
540,511434235,Chocolate  Milk,24.5,11,185917824,3.2
541,4151282297,Beans  Kidney Canned,25.49,5,679568352,2.8
542,1035929465,Wine  Niagaravqa Reisling,40.35,4,123592540,4.1
543,5427540091,Swiss Chard,9.11,10,294584824,3.2
544,8964265734,Pears  Anjou,49.13,11,921133607,3.7
545,7691660200,Apples  Sliced / Wedge,1.89,25,521912068,1.6
546,4327646296,Salt  Kosher,18.86,7,474987272,1
547,9369583122,,17.23,8,557567251,2.2
548,5580427018,Bread Base  Gold Formel,38.6,3,336306341,4.3
549,4250414981,Schnappes Peppermint  Walker,23.47,17,467776566,5
550,3013075694,Wine  White Cab Sauv.on,33.24,13,354715154,2.7
551,3617966497,Juice  Apple 284ml,6.39,4,236978332,1.2
552,9719096586,Lobster  Canned Premium,14.09,7,824572273,3.6
553,6145470615,Caviar  Salmon,33.55,19,400924346,4.3
554,5941184719,Star Anise Whole,12.46,11,981662245,1.6
555,63553287,Cheese  Victor Et Berthold,19.97,23,578184351,2.5
556,9040601003,,2.91,18,134449341,3.4
557,1385015616,V8  Tropical Blend,43.07,3,332380833,1.1
558,7638402189,Aromat Spice / Seasoning,43.27,20,336098182,3.2
559,2187777561,Sugar  Individual Portions,48.93,1,279707277,3.2
560,7474175916,Lid Coffee Cup 8oz Blk,3.29,19,161363252,3.4
561,2367296863,Juice  Prune,32.97,9,717044905,3.7
562,8159560060,Wine  Alsace Riesling Reserve,24.83,16,672990235,2.7
563,4991479754,Tomatoes  Vine Ripe Red,8.92,16,993403799,2.4
564,2808969295,Coconut Milk  Unsweetened,13.32,3,84711178,1.7
565,5108487770,Pastry  Key Limepoppy Seed Tea,40.09,24,976773322,4
566,3301718906,Icecream  Dstk Cml And Fdg,24.07,23,559238194,3.6
567,7011136827,Pear  Packum,19.07,22,936309397,1.9
568,2175929434,Ginger  Pickled,45.45,6,938438020,2.6
569,9622940560,Pan Grease,37.49,2,961207833,2.3
570,780362489,Chinese Foods  Plain Fried Rice,7.38,22,570432349,4.6
571,1727637380,Nescafe  Frothy French Vanilla,46.24,9,853376056,2.2
572,5212783399,Cheese Cloth No 60,2.59,17,810132287,2.3
573,8040755212,Appetizer  Mushroom Tart,15.66,18,208006642,4.9
574,5677150819,Lamb  Ground,28.83,5,187367502,4.7
575,1302287702,Tomato  Green,35.73,20,269175831,3.8
576,2409336736,Pancetta,19.43,12,88731812,1.5
577,7282514208,Beef Cheek Fresh,41.91,19,29745752,3
578,1496336607,Lamb  Shanks,13.71,5,890049453,1.6
579,8750287567,Apple  Macintosh,27.95,24,541735258,3.1
580,7337336373,Rum  White Gg White,14.08,3,631812794,1.2
581,1739492366,Cod  Salted Boneless,6.66,12,960289241,1.6
582,8021110546,Tuna  Fresh,44.62,9,584628398,4.4
583,5892573060,Pepper  Green,15.18,24,197789955,5
584,300103395,Muffin Mix  Oatmeal,27.98,16,55644379,2.1
585,2130882889,Wine  Malbec Trapiche Reserve,3.16,6,625353985,3.9
586,6893829574,Silicone Paper 16.5x24,6.63,13,592549403,3.2
587,8685496284,Sage  Ground,23.85,5,526377467,1.6
588,861650271,Flour  Masa De Harina Mexican,41.53,9,258048619,4.7
589,273135600,Wine  Red Metus Rose,18.19,4,240164589,1.6
590,8670758903,Skirt  24 Foot,17.97,16,777681601,4.6
591,850171830,Beer  Labatt Blue,48.97,2,671888725,4.5
592,7696571524,Apron,27.44,24,762194373,1.7
593,5042636994,Sage  Rubbed,21.46,19,634164113,2.5
594,6808026904,Chestnuts  Wholecanned,27.66,14,936715320,2.6
595,2565089902,Sausage  Chorizo,1.05,13,115126685,4.5
596,2949595502,Longos  Cheese Tortellini,30.57,15,458119190,1.5
597,7466085466,Chicken  Livers,26.37,13,179910650,2.7
598,7001745537,Snails  Large Canned,27.96,17,384375675,4.3
599,8015208823,Wooden Mop Handle,44.05,14,888678702,3.5
600,9870203388,Shrimp  100 / 200 Cold Water,33.55,6,776418720,3.1
601,7884195569,Wine  Crozes Hermitage E.,8.78,14,424836585,1.7
602,3857837004,Piping  Bags Quizna,21.29,22,365749400,3.6
603,4777007251,Cranberries  Frozen,29.85,2,613555139,4.7
604,2260357016,Jolt Cola  Electric Blue,18.33,25,666255450,4.4
605,879615087,Barley  Pearl,47.73,18,798959369,4.4
606,3825063062,Trout  Rainbow Frozen,15.84,19,48611626,4.2
607,1044741058,Wine  Vouvray Cuvee Domaine,28.33,1,726558367,1.9
608,3830200293,Tea  Vanilla Chai,42.77,20,133915630,1.4
609,7749447202,Wine  Red Cabernet Merlot,35.82,22,177982469,1.1
610,2465899171,Garbage Bag  Clear,26.35,23,366784185,2
611,9847932778,Quail Eggs  Canned,6.58,20,16835817,2.4
612,889843996,Wine  Red Black Opal Shiraz,5.21,20,10580441,3.5
613,7088811405,Beer  Sleemans Cream Ale,27.6,17,932400987,4.1
614,1125346531,Juice  Happy Planet,5.86,16,972951511,1.6
615,3431552447,Water  San Pellegrino,47.38,23,7961807,3.9
616,5986745280,Rappini  Andy Boy,22.88,6,251652445,2.8
617,7570057260,Beef  Top Sirloin,6.71,20,438650458,1.3
618,2473747717,Potatoes  Idaho 80 Count,18.37,24,373979475,4.1
619,5531252811,Wine  Coteaux Du Tricastin Ac,45.57,22,11579608,2.4
620,2742053565,Plasticknivesblack,1.5,9,970772773,2.3
621,6136136716,Sprouts  China Rose,12.37,13,641342733,1.9
622,250798506,Appetizer  Veg Assortment,1.24,18,212911490,3.7
623,1032391103,Flounder  Fresh,42.94,18,871990351,4.4
624,5016030855,Flower  Commercial Spider,24.69,21,819215457,2.5
625,3123220605,Chinese Foods  Pepper Beef,12.15,9,791620615,1.7
626,6188752434,Cattail Hearts,49.6,13,361408966,1.9
627,2947017056,Roe  Lump Fish Black,14.89,14,610005543,3.8
628,2529779015,Oil  Olive Bertolli,7.94,12,503331129,1.3
629,7300355676,Flour  Corn Fine,15.34,25,685427965,4.6
630,8005041284,Onions  Dried Chopped,44.25,5,183710871,1.6
631,1764540549,Artichokes  Jerusalem,5.06,22,786723443,3.8
632,5359345659,Curry Paste  Green Masala,37.21,15,272410774,3.6
633,7927299026,Juice  Apple 500 Ml,2.22,20,388138927,2.6
634,3547748216,Cheese  Boursin Garlic / Herbs,10.86,23,299426674,3.4
635,4007048797,Mushroom  Chanterelle Frozen,14.03,22,479145329,1.1
636,2068572508,Sobe  Berry Energy,9.29,22,56325315,1.5
637,8067229546,Easy Off Oven Cleaner,13.32,3,492367821,1.6
638,913000213,Salt  Sea,6.46,12,100471990,4.9
639,8374232498,Neckerchief Blck,45.44,14,447694039,2.4
640,2224565453,Vermouth  White Cinzano,26.26,14,207881830,2.6
641,8178302616,Bread  Rye,6.78,9,518916363,2
642,7768754557,Carrots  Mini Red Organic,47.37,7,82067414,1.2
643,7734280110,,14.01,7,176381410,4.8
644,9608926971,Cheese  Colby,14.62,7,946323521,3.2
645,7970334555,Wine  Toasted Head,48.98,6,381365876,4.5
646,7021967969,Curry Paste  Green Masala,17.89,7,979675738,1.2
647,8677331263,Container Clear 8 Oz,42.56,14,239616000,1
648,3281220770,Five Alive Citrus,33.93,15,786524198,1.4
649,5203848548,Beans  Kidney White,18.65,4,141540662,1.6
650,2875911538,Clementine,46.37,15,922556399,1.1
651,6370935611,Bread  Crumbs Bulk,11.81,11,480897582,3.8
652,609723472,Flour  Whole Wheat,15.58,15,365630051,1
653,7153398686,Veal  Insides Provini,5.47,16,728217125,4.3
654,3581893592,Nantucket  Pomegranate Pear,47.95,11,800652430,4.9
655,6836333972,Mushroom  Oyster Fresh,3.01,12,309015220,1.8
656,3114181961,Island Oasis  Peach Daiquiri,41.83,4,386405457,4.3
657,4186727554,Ginger  Crystalized,8.43,18,88527504,2.3
658,5134652783,Sugar  Crumb,49.61,7,233158303,2.4
659,5042004807,Mustard  Individual Pkg,42.83,17,723317491,4.9
660,7826964989,Glass Clear 7 Oz Xl,36.15,8,112806172,1.5
661,2935286057,,3.83,7,362664744,1.2
662,7858939890,Pickles  Gherkins,48.13,21,959022096,1.5
663,5362370871,Wine  Pinot Noir Mondavi Coastal,13.66,17,412078050,4.7
664,2027474951,Water  San Pellegrino,36.96,13,801786979,4.6
665,5103885727,Mussels  Cultivated,43.39,1,954908900,2.5
666,1906995362,Pork  Shoulder,24.12,21,972490214,3.1
667,337863741,Rice  Jasmine Sented,41.58,1,75922903,4.1
668,2789105898,Wasabi Powder,21.51,18,288579351,4.1
669,810031647,Cheese  Romano Grated,8.08,11,770303558,1.5
670,4268984852,Curry Paste  Green Masala,47.52,3,605650393,4.6
671,3185603818,Ham Black Forest,14.56,18,327507999,2.8
672,2070336573,Potatoes  Yukon Gold 80 Ct,38.22,13,732819597,1.3
673,8730902371,Vaccum Bag 10x13,47,21,980922996,2.8
674,6333021237,Mince Meat  Filling,34.64,7,749512320,4.3
675,5061032829,Papayas,38.69,10,478808697,2.3
676,2286813892,Potatoes  Purple Organic,8.4,7,59981562,3.5
677,2479369935,Beef  Ox Tongue Pickled,12.68,16,925935880,1.6
678,1705906214,Ice Cream  Turtles Stick Bar,8.68,1,228680884,3.4
679,5472813417,Lamb  Whole Frozen,45.92,8,14905418,3.5
680,611597268,Versatainer Nc  888,19.99,17,507166700,3.1
681,272567892,Campari,32.31,9,929219364,3.8
682,6612724250,Cheese  Provolone,17.9,21,505917162,2.8
683,7462790106,Campari,38.1,10,52800113,4.2
684,8685155797,Sauce  White Mix,45.49,8,893090089,4.4
685,6843952380,Dip  Tapenade,19.7,7,378033029,1.7
686,6262113002,Pork  Suckling Pig,37.53,17,940286335,3.9
687,4781328598,Coffee Caramel Biscotti,46.25,2,333567129,3.9
688,4013379562,Hinge W Undercut,11.68,11,701917317,2.9
689,8731032125,Apricots  Dried,7.54,4,30107654,2.7
690,4129943766,Carrots  Jumbo,8.44,24,622002395,3.6
691,7014354507,Mushrooms  Honey,41.41,11,389075749,4.4
692,4363575891,Beef  Rib Eye Aaa,14.59,1,524750,2.8
693,7102051409,Pastry  Cherry Danish  Mini,9.07,8,95673363,3.5
694,2123650811,Chocolate  Sugar Free Semi Choc,19.05,25,530243678,1.2
695,3804059414,Spice  Peppercorn Melange,47.15,7,191534122,2.3
696,4573437096,Tequila  Sauza Silver,16.25,10,524999775,4.4
697,4773315245,Tomatoes  Yellow Hot House,6.18,20,782758268,3.6
698,2386220834,Table Cloth 120 Round White,29.72,20,154566596,4.1
699,3520189275,,45.14,5,531510807,2.5
700,8197546258,,16.73,18,90700093,2
701,9933373668,Orange  Tangerine,27.69,12,936447780,4.7
702,1131632206,Blueberries,23.13,14,343858151,4.8
703,5763727029,Pork Ham Prager,17.75,6,553461607,4.9
704,5731768005,Wine  Maipo Valle Cabernet,26.32,23,72332425,4.4
705,5044361801,Pasta  Orzo Dry,30.88,15,962510212,2.5
706,1903714273,Coffee Cup 8oz 5338cd,24.84,13,661196992,3.2
707,8397390537,Wiberg Super Cure,48,12,172163487,2.9
708,6798305040,Muffin  Banana Nut Individual,19.28,11,345710533,3.4
709,1227181515,Ham  Virginia,36.44,3,585999561,1.4
710,6861788945,Puree  Mocha,19.18,19,120039384,4.3
711,9174021052,Nut  Walnut Chopped,48.95,10,427590562,4
712,6012270925,Spinach  Spinach Leaf,18.5,1,317021689,2.4
713,3973521050,Wine La Vielle Ferme Cote Du,16.28,15,128922741,4.5
714,3350358519,Cookie Dough  Double,21.43,1,846649821,4.1
715,9482192249,Bread  Malt,1.43,25,863329088,3.5
716,1981992693,Contreau,46.92,13,747269140,4.8
717,3960453124,Yukon Jack,28.07,19,476321531,3.4
718,7034654603,Bread  10 Grain,28.14,15,980406852,3.8
719,3032706793,Snapple Raspberry Tea,9.45,3,389372063,5
720,6514239382,Wine  Black Tower Qr,25.04,8,869657053,1.5
721,9622777198,Spinach  Packaged,31.17,10,437591470,4.2
722,2913333923,Muffin Mix  Morning Glory,49.75,22,587983405,3.5
723,8058041211,Wine  Red Pelee Island Merlot,31.15,1,521494776,5
724,1513617915,Cheese  Le Cheve Noir,25.38,25,427918540,4.3
725,2261859007,Nantucket  Carrot Orange,34.37,5,682645357,4.9
726,3531815326,Sultanas,45.37,13,707737974,1.4
727,2646064942,Muffin Mix  Chocolate Chip,41.67,19,252727186,4.8
728,6931082531,Steel Wool S.o.s,1.02,9,652131278,4.5
729,3949944451,Wine  Pinot Grigio Collavini,45.31,11,653042352,3.5
730,1344740804,Beans  Soya Bean,43.47,10,509411092,4.3
731,6778303166,Cheese  Havarti Salsa,18.59,12,733983581,2.6
732,3465302958,Bagelers  Cinn / Brown,38.69,10,925911739,1.9
733,3048945733,Cod  Black Whole Fillet,38.76,18,634996705,1.1
734,7916069385,Veal  Insides Grains,28.59,2,157106376,4.4
735,2243658887,Versatainer Nc  9388,20.75,19,381865623,4.7
736,7123592794,Wine  Port Late Bottled Vintage,38.19,3,547599009,4.7
737,8846998456,Trueblue  Blueberry Cranberry,9.76,25,7682739,3.7
738,9762613392,Easy Off Oven Cleaner,23.5,14,857873591,4.6
739,5951438470,Blue Curacao  Marie Brizard,18.75,8,578594515,2.7
740,7141663231,Appetizer  Mini Egg Roll Shrimp,41.36,5,830080460,2.2
741,9395618469,Bread  Wheat Baguette,43.21,9,837128816,4.1
742,8816798076,Tuna  Yellowfin,30.36,7,234092676,3.3
743,7591598856,Wine  Vidal Icewine Magnotta,3.85,24,332220608,3.2
744,8010022063,Shark  Loin,35.62,21,212972477,4.7
745,9261508839,Radish,18.44,21,666632133,4.1
746,4279185298,Shrimp  16/20 Iqf Shell On,48.28,18,111697236,4.3
747,2732908193,Appetizer  Asian Shrimp Roll,28.72,17,112071959,4.7
748,9382757805,Split Peas  Yellow Dry,2.66,1,350888390,2.4
749,1157447597,Flower  Dish Garden,42.62,6,916246377,3.4
750,6721213567,Figs,31.22,2,626036091,2.3
751,9847176655,Yukon Jack,44.85,24,592093710,4.6
752,1544098596,Table Cloth 72x144 White,40.38,14,179899155,2.2
753,2366285884,Juice  Apple 284ml,17.17,21,135172500,5
754,7384188121,Turkey  Oven Roast Breast,20.04,15,671362576,1.1
755,2661323082,Energy Drink  Franks Pineapple,11.73,14,657897014,1.9
756,9010089827,Syrup  Chocolate,29.79,20,897598417,1.3
757,4778208242,Bread  10 Grain,17.6,4,623480429,3.3
758,2553837976,Gingerale  Diet  Schweppes,23,16,99122608,1.3
759,4306864553,Snapple  Iced Tea Peach,35.76,3,93210463,2.2
760,401007596,Nougat  Paste / Cream,42.16,17,766715775,1.9
761,2059561299,Carbonated Water  Orange,39.84,10,963136919,3.7
762,1310756759,Sour Puss Sour Apple,41.33,17,26121203,3.7
763,8805118516,Mint  Fresh,9.41,9,525178731,3.6
764,7952892827,Wine  Zinfandel Rosenblum,15.53,23,158500909,2.2
765,974332569,Chocolate  Dark Callets,6.97,11,255413342,4.5
766,5176682982,Potatoes  Instant Mashed,25.08,17,938096536,4.2
767,960084576,Coconut  Whole,20.9,8,393536562,4.1
768,8960157546,Bread Country Roll,41.82,9,127868763,2.7
769,9480568454,Wine  Redchard Merritt,44.78,5,927785012,4.9
770,5992943404,Blueberries,22.32,8,154956893,1.4
771,42851122,Wine  Barolo Fontanafredda,49.21,7,787124468,4.7
772,5029844287,Chinese Foods  Thick Noodles,34.44,12,260779849,3.7
773,2404517384,Beef  Striploin,39.5,22,418341558,2.5
774,1457783509,Longos  Cheese Tortellini,6.46,18,202800301,1.9
775,6190294324,Chocolate  Unsweetened,1.1,5,856163927,2.8
776,3136939530,Soup  Campbells Mushroom,26.67,22,435428396,3.5
777,2619615143,Parsnip,46.61,12,967492758,2
778,4785431849,Chicken Breast Wing On,38.45,13,252009941,1.9
779,1500013889,Honey  Lavender,2.26,3,743880502,1.1
780,9855628489,Samosa  Veg,27.37,24,8064954,3.8
781,7484611182,Vanilla Beans,44.16,4,293308049,4.6
782,8129428547,Cheese  Blue,21.23,13,974126561,2.5
783,3045359272,Wine  Winzer Krems Gruner,34.81,6,777201896,2.2
784,4390692666,Roe  Lump Fish Red,4.49,9,256108369,4.5
785,1255211709,,26.92,16,507194747,4.3
786,8890433418,Blueberries  Frozen,39.18,5,453659468,3.7
787,302300554,Oil  Shorteningliqud Fry,11.61,19,378289897,2.3
788,3908485096,Yogurt  Peach 175 Gr,4.27,13,123832468,2.6
789,25763008,Beans  Yellow,31.59,4,453426597,4.1
790,9061453771,Wine  Sauvignon Blanc,21.42,1,969975649,2
791,4616338795,Lamb  Whole Head Offnz,11.91,24,605490347,2.7
792,9225594488,Oneshot Automatic Soap System,13.06,7,303346061,1.7
793,6933191729,Pate  Liver,13.39,4,596073381,2.8
794,3421645507,Soup  Knorr Ministrone,47.36,10,857004443,4.9
795,8840131353,Wine  Red Marechal Foch,37.29,17,650085145,1.8
796,3849288951,Jameson  Irish Whiskey,32.97,11,365824331,1.2
797,8496318974,Steam Pan  Half Size Deep,21.43,24,671193950,2
798,461043521,Mushroom  King Eryingii,31.37,11,922664232,4.3
799,5050836034,Bread  Italian Roll With Herbs,15.9,20,711562774,2.4
800,3268961789,Stock  Fish,28.13,20,112322749,2.1
801,5211411757,Beef  Kindney Whole,37.47,6,497731096,2.1
802,5160300600,Coffee  Cafe Moreno,46.29,15,241240107,5
803,1638206775,Wonton Wrappers,18.29,6,314113954,2.5
804,9432011917,Muffin Mix  Chocolate Chip,19.23,6,602085289,1.6
805,8677287930,Shrimp  Black Tiger 16/20,6.7,4,55927260,4
806,6528749140,Water  Green Tea Refresher,49.11,13,804011736,3.8
807,3306709085,Mushrooms  Black Dried,4.04,24,527636901,3.4
808,6008249453,Crab  Back Fin Meat Canned,45.52,19,732635026,1.5
809,3628944503,Mushroom  Shitake Dry,14.24,23,12992381,3.1
810,5799784715,Flavouring Vanilla Artificial,48.43,25,254431429,1.2
811,703510096,Beans  Black Bean Dry,11.1,2,793127903,1.2
812,9960769127,Edible Flower  Mixed,8.84,12,367132152,1.4
813,83138390,Gatorade  Cool Blue Raspberry,32.74,24,714055567,3.1
814,6380823018,Nut  Pumpkin Seeds,38.71,6,518703077,4.8
815,3762777489,Dried Peach,3.5,21,494839834,3.7
816,5496076633,Coffee  Ristretto Coffee Capsule,6.34,21,629340143,3.6
817,3027341685,Veal  Insides Grains,29.35,3,194855301,3.9
818,4731212324,Godiva White Chocolate,2.42,22,133335160,4.7
819,4264558018,Soup  Campbells  Chicken Noodle,43.93,13,260356708,1.9
820,1109193297,Chocolate  Feathers,18.7,3,258448333,2.3
821,686083121,Lettuce  Lambs Mash,1.35,1,428494173,4.5
822,8263656370,Teriyaki Sauce,34.71,15,641128360,4
823,3896748114,Latex Rubber Gloves Size 9,16.56,18,123513230,4.4
824,2946062473,Cheese  Grana Padano,46.92,4,576570291,1.4
825,9579384622,Sansho Powder,24.03,20,468872365,2.7
826,9227751351,Hickory Smoke Liquid,15.09,14,570039472,1.4
827,7338088683,Cheese  Swiss Sliced,29.97,20,297957220,2.3
828,4987472899,,44.16,15,830323952,4.6
829,2948133769,Smirnoff Green Apple Twist,9.93,25,575405399,4.3
830,6030358855,Broom And Brush Rack Black,31.11,8,223680855,3.7
831,65130588,French Pastry  Mini Chocolate,39.94,24,779415734,4.3
832,7864859496,Pork  Sausage Medium,19.58,5,842460597,2.6
833,6563890644,Olives  Green Pitted,7.72,21,955055800,1.5
834,3063470090,Pepper  Chilli Seeds Mild,40.5,9,617665891,3.1
835,3136887891,Cheese  Mozzarella,46.67,8,480968557,4.2
836,1924076594,Magnotta  Bel Paese White,43.02,18,637078819,1.6
837,7362667922,Mushroom  Chanterelle Frozen,49.84,3,9819455,2
838,698070410,Apple  Granny Smith,44.95,18,628451348,4.9
839,6940337040,Bay Leaf Fresh,30.64,5,228312578,2.6
840,3757233883,Wine  Red Cabernet Merlot,10.84,9,34522035,4.3
841,7867362894,Wine  Alsace Gewurztraminer,39.4,5,844716841,3.1
842,2591121451,Straw  Regular,41.93,8,311721641,2.4
843,100258913,Beets  Golden,29.12,8,194171952,2.1
844,7899955459,Cheese  Brie Cups 125g,17.36,13,991424566,2.4
845,8235281716,Propel Sport Drink,16.91,24,290575289,1.6
846,7499245837,Cookies  Englishbay Wht,26.95,5,322248353,4.2
847,1883664381,Spoon  Soup Plastic,11.65,17,865584767,2.1
848,2221796489,Potatoes  Pei 10 Oz,11.21,8,85610150,1.2
849,2716389349,Tea  Herbal Sweet Dreams,39.32,14,561001860,2.2
850,5292083402,Apple  Delicious Golden,42.16,1,287011812,2.5
851,1634272463,Wine  Delicato Merlot,21.09,20,560658956,4.9
852,3096407878,Water  San Pellegrino,20.98,18,173733737,1.1
853,3775205586,Pasta  Angel Hair,48.78,18,106083902,3.7
854,6182880236,Water  San Pellegrino,15.07,14,752736387,1.1
855,9963828256,Juice  Lemon,13.73,16,698603480,4.2
856,5165963241,Quiche Assorted,27.34,10,553272931,1.4
857,9179706517,Glass Clear 7 Oz Xl,41.13,17,440357268,1.7
858,9768454644,Muffin  Banana Nut Individual,21.61,7,816322317,2.8
859,3661463667,Water  Green Tea Refresher,33.76,19,591299769,4.3
860,6722148394,Soup  Campbells Pasta Fagioli,13.74,9,803204902,2.2
861,9748876071,Milk  2%,10.16,9,273144797,3.9
862,5903236227,Coffee Beans  Chocolate,5.49,1,323497673,1.8
863,975539256,Wine  Red Marechal Foch,33.35,13,796716895,2.1
864,3977012037,Oil  Safflower,12.92,20,215589319,1
865,3194581368,Tomatoes  Cherry Yellow,41.64,16,554266003,2.9
866,6345201480,Pepper  Chillies Crushed,30.75,1,761744293,1.6
867,8556326137,Bread  Petit Baguette,49.55,16,916812003,4.2
868,1825278849,Water  Tonic,39.67,7,616857941,3.7
869,836866843,Neckerchief Blck,32.07,8,188448159,4.9
870,3760738001,Cheese  Manchego Spanish,24.21,7,756453735,4.7
871,2827018438,Trout  Rainbow Frozen,22.08,20,125068955,2.6
872,6630963466,Alize Red Passion,40.38,24,402371880,3.6
873,3281597947,Nestea  Ice Tea Diet,35.35,24,223173338,3.1
874,9366249213,Tortillas  Flour 12,42.68,2,156602295,1.9
875,2038004013,Ecolab  Hobart Upr Prewash Arm,18.47,24,558812316,1.4
876,6314161827,Gelatine Powder,44.35,1,115612444,3.8
877,3818736154,Pie Pecan,20.91,6,44213089,2.4
878,1440037981,Cheese  Fontina,9.21,24,867047604,3.3
879,9284302064,Beef  Rouladin Sliced,5.36,20,896653065,2.4
880,7885090930,Beef  Rouladin Sliced,39.93,4,370559595,3.2
881,5925386310,Pork Loin Bine  In Frenched,28.79,14,125104300,4.8
882,893456527,Plastic Arrow Stir Stick,44.84,5,268662753,2.4
883,4600680979,Breakfast Quesadillas,11.51,4,813049767,3.8
884,4745734794,Sweet Pea Sprouts,24.61,23,967183009,3.5
885,7237253670,Beef  Kobe Striploin,33.48,19,756956287,4.3
886,7826912695,Pork  Back Ribs,7.88,3,435287643,4.4
887,4524167196,Arizona  Plum Green Tea,47.77,17,761635170,4.6
888,9699173475,Milkettes  2%,29.82,23,763038505,4.6
889,518557812,Chip  Potato Dill Pickle,1.03,17,714796877,2.6
890,3355576611,Chips Potato Reg 43g,1.16,6,86609081,2.4
891,8275954223,Eel  Smoked,25.44,12,228009286,3.9
892,8851475458,Cake  Bande Of Fruit,46.52,17,785594714,3.2
893,7799654422,Lettuce  Lolla Rosa,22.37,20,767972456,1.9
894,3972786689,Veal  Loin,47.52,9,735623805,2.5
895,6615427230,Wine  Magnotta  Cab Sauv,16.99,7,689005687,1.2
896,5647788351,Pork  Bacon Double Smoked,35.3,16,527079522,4.9
897,3211844791,Coke  Diet 355 Ml,23.37,8,441794117,4.4
898,4095707879,Sprouts Dikon,48.31,22,711222497,4.5
899,3042970655,Pernod,42.18,14,22516352,3.6
900,9616399071,Cheese  Montery Jack,31.39,13,842554644,4.4
901,8318178254,Triple Sec  Mcguinness,48.63,17,130589551,2.1
902,8288364624,Milk  Homo,48.41,10,588403082,3.7
903,8917711863,Cheese  Comte,25.51,23,871004327,3.3
904,7261720682,Cookie  Oreo 100x2,43.66,23,212251215,3.7
905,8861951627,Cocoa Powder  Dutched,23.92,6,60020795,4.2
906,2165651654,Dry Ice,2.96,12,771696132,4.9
907,6936048633,Bowl 12 Oz  Showcase 92012,1.48,5,950503,3.6
908,4308820588,Spinach  Baby,2.27,13,217892794,3.2
909,4234243949,Turkey Tenderloin Frozen,17.36,18,111505659,3.8
910,1919331239,Arrowroot,14.76,5,564774647,2.9
911,2816340333,Beef  Bresaola,6.18,21,600954321,2.3
912,6860197714,Oil  Shortening  All  Purpose,7.29,3,460424968,2
913,9094701146,Flour  Pastry,7.52,8,827412434,1.4
914,4064102851,Turkey  Whole Fresh,40.82,17,146205389,3
915,2340975530,Ham  Proscuitto,27.27,13,986579516,4.8
916,5220798154,Lid Coffee Cup 8oz Blk,8.94,25,320701834,2.2
917,5223023196,Bread  White Epi Baguette,25.98,9,32286633,3.8
918,2127251814,Syrup  Monin Swiss Choclate,43.29,16,271229417,4.8
919,9937459745,Coke  Classic 355 Ml,21.29,5,988361027,2.4
920,8526786199,Cornflakes,27.63,24,22151119,3.2
921,6357015458,Coffee  Hazelnut Cream,22.82,23,755888277,2.7
922,127749985,Cake  Mini Cheesecake,9.21,16,268270991,4.2
923,5312393681,Sponge Cake Mix  Chocolate,32.38,10,306371575,1.1
924,7009010250,Bread  Roll Canadian Dinner,29.18,4,124399601,3.5
925,6708638134,Beans  Fine,44.05,3,192482152,2.8
926,47485124,Wine  White Antinore Orvieto,2.71,4,751018509,4.8
927,5298735320,Carroway Seed,24.44,18,651297235,4.1
928,1912418789,Wine  Coteaux Du Tricastin Ac,7.37,15,239917638,4.2
929,7045856288,Mint  Fresh,22.62,7,435090152,3.5
930,5414119295,Vodka  Smirnoff,43.89,7,638563623,3.8
931,4234364703,Cranberry Foccacia,9.44,23,514813896,3.1
932,741986272,Container  Hngd Cll Blk 7x7x3,15.4,18,65564489,1.4
933,9728299958,Oats Large Flake,39.18,10,751493730,4.6
934,2957292769,Berry Brulee,35.22,10,510215084,4.9
935,8227542603,Fudge  Cream Fudge,19.39,20,40818060,3.6
936,9204343214,Wine  Maipo Valle Cabernet,29.34,21,642657298,1.6
937,6749042236,Lettuce  Boston Bib  Organic,40.71,11,538194000,1
938,8420578509,Beans  Butter Lrg Lima,8.75,22,989171560,3.6
939,4611131971,Bay Leaf,25.73,10,553555434,3.8
940,5651264329,Ecolab  Mikroklene 4/4 L,27.49,25,839936840,4.6
941,739426605,Corn Syrup,48.84,20,444905967,4.3
942,5813704604,Bread  Multigrain,1.04,14,383833105,1.6
943,9184853409,Pepper  Red Bell,30.68,5,499647947,3.6
944,5657338006,Nantucket Orange Juice,13.87,14,200346129,4.9
945,8895488733,Oil  Shortening  All  Purpose,29.14,1,853178900,1.9
946,6746498581,,14.13,11,565422930,2.3
947,8794690634,Cardamon Seed / Pod,12.39,2,399755117,2.9
948,7408574956,Coconut  Shredded Sweet,38.5,21,908094011,2.9
949,9922770091,Sprouts Dikon,27.96,11,905269387,3.1
950,9407253198,Chinese Foods  Thick Noodles,22.31,21,387857657,1.5
951,3076534602,Bonito Flakes  Toku Katsuo,23.92,16,109099685,5
952,6605619145,Beer  Heinekin,11.1,8,973640339,2.1
953,1811178138,Chambord Royal,31.06,20,688355960,2.4
954,6427788841,Chocolate  White,34.83,8,373949214,4.7
955,964099799,Pail With Metal Handle 16l White,27.33,25,166096380,2.1
956,1250504538,Marsala  Sperone Fine D.o.c.,42.28,6,133706130,4.1
957,5396759542,Sobe  Orange Carrot,15.88,19,72574099,4.1
958,794467733,Jam  Raspberryjar,41.26,10,324107923,2.9
959,188394524,Rootbeer,4.44,8,866775559,2.7
960,5740639700,Soup V8 Roasted Red Pepper,25.26,19,41127293,1.5
961,7950571861,Salt  Sea,44.74,18,782060034,3.2
962,2684880247,Pizza Pizza Dough,35.81,25,304714482,1.5
963,9135434651,Horseradish Root,10.52,18,207222973,1.8
964,4826873492,Sauce  Bernaise Mix,26.15,25,381072532,1.4
965,8098886239,Pickerel  Fillets,7.97,3,178191090,2.5
966,8049964027,Trueblue  Blueberry,46.48,15,907743295,4.7
967,9318273487,Soup  Campbells Mushroom,18.28,2,82516945,1.5
968,8037840034,Glass  Wine Plastic Clear 5 Oz,42.75,22,396842358,3.7
969,4624802675,Trueblue  Blueberry,34.45,8,522527506,1.6
970,4547838461,Bread  French Stick,39.81,13,135817340,1.7
971,1294194801,Kiwano,11.47,21,943804534,3.8
972,7189882731,Cake  Miini Cheesecake Cherry,5.8,4,160291212,4.4
973,9074116515,Wine  Red Cabernet Merlot,46.97,2,662625276,1.4
974,1790441889,Southern Comfort,38.74,9,137642630,2.7
975,1268490539,Cattail Hearts,38.72,25,366825163,2.3
976,2549456181,Cherries  Frozen,26.68,7,18225624,3.8
977,1514275015,Pepper  Roasted Red,36.16,14,327851982,3.3
978,8932303266,Chicken  Thigh Bone In,41.75,20,515788756,1.2
979,5361662267,Wine  Sauvignon Blanc Oyster,45.65,21,230506735,2.3
980,2101978415,Chocolate  Feathers,46.7,14,118126849,2.4
981,4334357466,Oil  Grapeseed Oil,19.66,9,381082666,1.7
982,1943311137,Lettuce  Lambs Mash,12.59,13,458696069,1.5
983,1102438588,Food Colouring  Red,42.7,17,247112373,4.3
984,4870527146,Spice  Onion Powder Granulated,12.63,6,690823302,1.7
985,9768664290,Sauce  Demi Glace,34.23,2,742873684,3.8
986,6016117374,Bread  Calabrese Baguette,36.64,11,74679057,5
987,1957426284,Wonton Wrappers,21.5,4,341261206,2.7
988,4946660607,Dried Figs,24.84,17,293594479,4.3
989,8526916556,Nut  Chestnuts Whole,29.63,24,512601137,4.4
990,4546850751,Wine  Vouvray Cuvee Domaine,35.39,4,832453726,4.6
991,8012594994,Bread  Flat Bread,38.6,1,936725995,4.4
992,5190498921,Soup  Campbells Creamy,30.79,14,831757642,1.7
993,2775474802,Bagel  Sesame Seed Presliced,38.86,9,775165289,1.4
994,8371239602,Garlic,38.72,17,245734221,3.3
995,8857901440,Chocolate  Milk,30.83,22,60775078,3.3
996,619544872,Pork  Smoked Back Bacon,11.08,4,904513302,4.4
997,5620780058,Wine  Shiraz South Eastern,38.97,16,123688965,1.9
998,6968731487,Nut  Pecan Pieces,48.9,20,974660002,4.3
999,2066279366,Spic And Span All Purpose,25,25,421644678,2.8
